{
    "simulation_name": "BBH_SKS_d10.8_q1_sA_0_0_0_sB_0_0_0/Lev2",
    "alternative_names": [],
    "keywords": [],
    "point_of_contact_email": "mokounkova@flatironinstitute.org",
    "authors_emails": [],
    "simulation_bibtex_keys": "SXSCatalog",
    "code_bibtex_keys": [
        "Ossokine:2013zga",
        "Hemberger:2012jz",
        "Szilagyi:2009qz",
        "Boyle:2009vi",
        "Scheel:2008rj",
        "Boyle:2007ft",
        "Scheel:2006gg",
        "Lindblom:2005qh",
        "Pfeiffer:2002wt",
        "SpECwebsite"
    ],
    "initial_data_bibtex_keys": [
        "Buchman:2012dw",
        "Lovelace:2008tw",
        "Pfeiffer:2007yz",
        "Caudill:2006hw",
        "Cook:2004kt"
    ],
    "quasicircular_bibtex_keys": [
        "Mroue:2012kv",
        "Buonanno:2010yk",
        "Mroue:2010re",
        "Boyle:2007ft"
    ],
    "initial_data_type": "BBH_SKS",
    "initial_separation": 10.8406982422,
    "initial_orbital_frequency": 0.025,
    "initial_adot": -2.93930627298e-05,
    "object1": "bh",
    "object2": "bh",
    "initial_ADM_energy": 0.9901424038492621,
    "initial_ADM_linear_momentum": [
        1.1216037e-09,
        4.845789e-10,
        -8.727e-12
    ],
    "initial_ADM_angular_momentum": [
        8.73798e-11,
        -2.29671e-11,
        0.979892165970459
    ],
    "initial_mass1": 0.4999999986465324,
    "initial_mass2": 0.4999999950782678,
    "initial_dimensionless_spin1": [
        3.6442232e-09,
        -1.720313e-09,
        2.1453258259e-06
    ],
    "initial_dimensionless_spin2": [
        -4.4868e-12,
        7.8395e-12,
        -3.134800837e-07
    ],
    "initial_position1": [
        5.420349055477174,
        -2.0456674e-09,
        1.653102e-10
    ],
    "initial_position2": [
        -5.420349186722826,
        -2.0456674e-09,
        1.653102e-10
    ],
    "reference_time": 310.0,
    "reference_mass1": 0.499978062254,
    "reference_mass2": 0.499978065516,
    "reference_dimensionless_spin1": [
        1.48668024644e-08,
        2.98267714018e-08,
        0.00014028277316
    ],
    "reference_dimensionless_spin2": [
        -2.43618070773e-08,
        -2.76554611838e-08,
        0.000138402064767
    ],
    "reference_position1": [
        -2.89286674988,
        4.57809543805,
        2.1544345319e-05
    ],
    "reference_position2": [
        2.89286871058,
        -4.57809567424,
        2.15541319791e-05
    ],
    "reference_orbital_frequency": [
        1.08683278061e-10,
        9.8550811532e-11,
        0.02795002228
    ],
    "reference_eccentricity": 0.0229171,
    "reference_mean_anomaly": 2.476078,
    "common_horizon_time": 1126.6988358,
    "number_of_orbits": 6.92233161711,
    "remnant_mass": 0.951583935359,
    "remnant_dimensionless_spin": [
        9.27369255972e-10,
        3.33177123501e-09,
        0.686313699455
    ],
    "remnant_velocity": [
        -1.3867761782e-09,
        6.32355427476e-09,
        1.51460885837e-07
    ],
    "spec_revisions": "InitialCommit-30896-gf254d8b",
    "spells_revision": "f5653e7607ad4ad57f6676f6cf480098fcaa5bb5"
}